{
  "hash": "1e0f549f",
  "configHash": "46075c56",
  "lockfileHash": "b6d2786f",
  "browserHash": "126dfbaa",
  "optimized": {
    "@angular/common": {
      "src": "../../../../../node_modules/@angular/common/fesm2022/common.mjs",
      "file": "@angular_common.js",
      "fileHash": "317859d9",
      "needsInterop": false
    },
    "@angular/core": {
      "src": "../../../../../node_modules/@angular/core/fesm2022/core.mjs",
      "file": "@angular_core.js",
      "fileHash": "c5482628",
      "needsInterop": false
    },
    "@angular/forms": {
      "src": "../../../../../node_modules/@angular/forms/fesm2022/forms.mjs",
      "file": "@angular_forms.js",
      "fileHash": "2355d2e9",
      "needsInterop": false
    },
    "@angular/platform-browser": {
      "src": "../../../../../node_modules/@angular/platform-browser/fesm2022/platform-browser.mjs",
      "file": "@angular_platform-browser.js",
      "fileHash": "a4697c88",
      "needsInterop": false
    },
    "@angular/router": {
      "src": "../../../../../node_modules/@angular/router/fesm2022/router.mjs",
      "file": "@angular_router.js",
      "fileHash": "1df4fff3",
      "needsInterop": false
    }
  },
  "chunks": {
    "chunk-J6RKTOJB": {
      "file": "chunk-J6RKTOJB.js"
    },
    "chunk-EW4RPYOW": {
      "file": "chunk-EW4RPYOW.js"
    },
    "chunk-OUN6FX7A": {
      "file": "chunk-OUN6FX7A.js"
    }
  }
}